Workbook

Sheet لوحة المتابعة
A1: لوحة متابعة الخطة التشغيلية 2026-2027 — مشروع مدارس النجاة ثنائية القدرات والمهارات
A3: الأنشطة (30 نشاطاً) | B3: منجز | C3: جارٍ | D3: لم يبدأ | E3: متأخر
B4: =COUNTIF(الأنشطة!$G$2:$G$31,"منجز") -> 0 | C4: =COUNTIF(الأنشطة!$G$2:$G$31,"جارٍ") -> 1 | D4: =COUNTIF(الأنشطة!$G$2:$G$31,"لم يبدأ") -> 29 | E4: =COUNTIF(الأنشطة!$G$2:$G$31,"متأخر") -> 0
A6: المؤشرات — حالة الفصل الأول | B6: محقق | C6: انحراف | D6: انحراف حرج | E6: لم يُقس بعد
B7: =COUNTIF(المؤشرات!$I$2:$I$27,"محقق") -> 0 | C7: =COUNTIF(المؤشرات!$I$2:$I$27,"انحراف") -> 0 | D7: =COUNTIF(المؤشرات!$I$2:$I$27,"انحراف حرج") -> 0 | E7: =COUNTIF(المؤشرات!$I$2:$I$27,"لم يُقس بعد") -> 22
A9: المؤشرات — الحالة النهائية | B9: محقق | C9: انحراف | D9: انحراف حرج | E9: لم يُقس بعد
B10: =COUNTIF(المؤشرات!$L$2:$L$27,"محقق") -> 0 | C10: =COUNTIF(المؤشرات!$L$2:$L$27,"انحراف") -> 0 | D10: =COUNTIF(المؤشرات!$L$2:$L$27,"انحراف حرج") -> 0 | E10: =COUNTIF(المؤشرات!$L$2:$L$27,"لم يُقس بعد") -> 26
A12: التبعيات الحرجة (8 مهام) | B12: منجز | C12: جارٍ | D12: لم يبدأ | E12: متأخر
B13: =COUNTIF('التبعيات الحرجة'!$E$2:$E$9,"منجز") -> 6 | C13: =COUNTIF('التبعيات الحرجة'!$E$2:$E$9,"جارٍ") -> 0 | D13: =COUNTIF('التبعيات الحرجة'!$E$2:$E$9,"لم يبدأ") -> 2 | E13: =COUNTIF('التبعيات الحرجة'!$E$2:$E$9,"متأخر") -> 0
A15: المخاطر (8 مخاطر) | B15: مفتوح | C15: تحت السيطرة | D15: مغلق | E15: عالية الدرجة
B16: =COUNTIF(المخاطر!$F$2:$F$9,"مفتوح") -> 8 | C16: =COUNTIF(المخاطر!$F$2:$F$9,"تحت السيطرة") -> 0 | D16: =COUNTIF(المخاطر!$F$2:$F$9,"مغلق") -> 0 | E16: =COUNTIF(المخاطر!$C$2:$C$9,"عالية") -> 4
A18: دليل الاستخدام: الخلايا الصفراء هي خلايا الإدخال (خط الأساس، القيم الفعلية، الحالات)؛ الحالات تُختار من قوائم منسدلة؛ وكل ما عداها يُحتسب آلياً. الأرقام في هذه اللوحة تتحدث تلقائياً من الأوراق الأخرى.

Sheet الأنشطة
A1: م | B1: النشاط | C1: المحور | D1: يخدم | E1: المسؤول | F1: التوقيت | G1: الحالة | H1: ملاحظات
A2: 1 | B2: اعتماد حزمة التأسيس (القاموس، المنصة، خارطة الطريق، الأدوات) من لجنة القيادة | C2: التهيئة | D2: الكل | E2: لجنة القيادة | F2: أغسطس — الأسبوعان 1-2 | G2: جارٍ | H2: مثال: حدّث الحالة من القائمة المنسدلة
A3: 2 | B3: تسمية منسقي المشروع بالمدارس ونائب المنسق المركزي | C3: التهيئة | D3: R2 | E3: لجنة القيادة | F3: أغسطس — الأسبوع 2 | G3: لم يبدأ
A4: 3 | B4: تعميم الأدوات الخمس المعتمدة على المدارس | C4: التهيئة | D4: التبعيات الحرجة | E4: المنسق المركزي | F4: أغسطس — الأسبوع 3 | G4: لم يبدأ
A5: 4 | B5: التعاقد على النواة الجاهزة وإطلاق المرحلة الأولى من المنصة واستيراد بيانات الطلبة | C5: التهيئة | D5: KPI-08, KPI-24 | E5: تكنولوجيا المعلومات | F5: أغسطس - سبتمبر | G5: لم يبدأ
A6: 5 | B6: تنفيذ الدفعة الأولى من الحقيبة التدريبية قبل بدء الدوام | C6: التهيئة | D6: KPI-21 | E6: قسم التدريب | F6: أغسطس — الأسبوعان 3-4 | G6: لم يبدأ
A7: 6 | B7: تعميم سياسة الذكاء الاصطناعي وتنفيذ جلسات التوعية | C7: التهيئة | D7: KPI-16 | E7: منسقو المدارس | F7: سبتمبر — الأسبوعان 1-2 | G7: لم يبدأ
A8: 7 | B8: حصر الشراكات القائمة ومخاطبة شركاء جدد | C8: التهيئة | D8: KPI-25 | E8: إدارة الشراكات | F8: سبتمبر | G8: لم يبدأ
A9: 8 | B9: القياس القبلي الشامل واعتماد خطوط الأساس | C9: الفصل الأول | D9: جميع المؤشرات | E9: منسقو المدارس + المنسق المركزي | F9: الأسابيع 1-4 من الدوام | G9: لم يبدأ
A10: 9 | B10: تفعيل إطار القدرات والمهارات في المراحل التجريبية | C10: الفصل الأول | D10: KPI-05 | E10: منسقو المدارس | F10: الأسابيع 1-6 | G10: لم يبدأ
A11: 10 | B11: استكمال دفعات التدريب حتى بلوغ 90% من المعلمين | C11: الفصل الأول | D11: KPI-21 | E11: قسم التدريب | F11: حتى الأسبوع 6 | G11: لم يبدأ
A12: 11 | B12: تعميم الإطار على جميع الصفوف | C12: الفصل الأول | D12: KPI-05 | E12: منسقو المدارس | F12: من الأسبوع 7 | G12: لم يبدأ
A13: 12 | B13: توثيق مهمة تطبيقية واحدة على الأقل لكل طالب | C13: الفصل الأول | D13: KPI-01, KPI-04 | E13: المعلمون | F13: طوال الفصل الأول | G13: لم يبدأ
A14: 13 | B14: تطبيق أدوات خرائط الميول للمراحل المستهدفة | C14: الفصل الأول | D14: KPI-11 | E14: التوجيه والإرشاد | F14: أكتوبر - ديسمبر | G14: لم يبدأ
... A31: 30 | B31: القياس البعدي الختامي والتقرير السنوي وورشة الدروس المستفادة ومدخلات خطة 2027-2028 | C31: الختام | D31: الكل | E31: المنسق المركزي + اللجنة | F31: مايو - يونيو | G31: لم يبدأ

Sheet المؤشرات
A1: الرمز | B1: المؤشر | C1: الغاية | D1: المالك | E1: الدورية | F1: خط الأساس | G1: مستهدف الفصل الأول | H1: فعلي الفصل الأول | I1: حالة الفصل الأول | J1: مستهدف نهاية العام | K1: فعلي نهاية العام | L1: الحالة النهائية | M1: ملاحظات
A2: KPI-01 | B2: نسبة الطلبة المشاركين في مهام ومشروعات تطبيقية | C2: الأولى | D2: رئيس القسم الأكاديمي | E2: فصلي | G2: 0.6 | I2: =IF(G2="","—",IF(H2="","لم يُقس بعد",IF(H2>=G2,"محقق",IF(G2-H2>0.1,"انحراف حرج","انحراف")))) -> لم يُقس بعد | J2: 0.9 | L2: =IF(K2="","لم يُقس بعد",IF(K2>=J2,"محقق",IF(J2-K2>0.1,"انحراف حرج","انحراف"))) -> لم يُقس بعد
A3: KPI-02 | B3: نسبة المشروعات المحققة لمعايير الأداء | C3: الأولى | D3: الموجه الفني | E3: فصلي | G3: 0.6 | I3: =IF(G3="","—",IF(H3="","لم يُقس بعد",IF(H3>=G3,"محقق",IF(G3-H3>0.1,"انحراف حرج","انحراف")))) -> لم يُقس بعد | J3: 0.8 | L3: =IF(K3="","لم يُقس بعد",IF(K3>=J3,"محقق",IF(J3-K3>0.1,"انحراف حرج","انحراف"))) -> لم يُقس بعد
A4: KPI-03 | B4: نسبة المعلمين الموظفين لاستراتيجية تعلم تطبيقي | C4: الأولى | D4: مدير المدرسة | E4: فصلي | G4: 0.55 | I4: =IF(G4="","—",IF(H4="","لم يُقس بعد",IF(H4>=G4,"محقق",IF(G4-H4>0.1,"انحراف حرج","انحراف")))) -> لم يُقس بعد | J4: 0.85 | L4: =IF(K4="","لم يُقس بعد",IF(K4>=J4,"محقق",IF(J4-K4>0.1,"انحراف حرج","انحراف"))) -> لم يُقس بعد
A5: KPI-04 | B5: نسبة الطلبة المشاركين فعلياً في أدوار المشروع | C5: الأولى | D5: معلم المشروع | E5: فصلي | G5: 0.6 | I5: =IF(G5="","—",IF(H5="","لم يُقس بعد",IF(H5>=G5,"محقق",IF(G5-H5>0.1,"انحراف حرج","انحراف")))) -> لم يُقس بعد | J5: 0.9 | L5: =IF(K5="","لم يُقس بعد",IF(K5>=J5,"محقق",IF(J5-K5>0.1,"انحراف حرج","انحراف"))) -> لم يُقس بعد
A6: KPI-05 | B6: نسبة الصفوف المطبقة لإطار القدرات والمهارات | C6: الثانية | D6: المنسق المركزي | E6: فصلي | G6: 0.5 | I6: =IF(G6="","—",IF(H6="","لم يُقس بعد",IF(H6>=G6,"محقق",IF(G6-H6>0.1,"انحراف حرج","انحراف")))) -> لم يُقس بعد | J6: 0.9 | L6: =IF(K6="","لم يُقس بعد",IF(K6>=J6,"محقق",IF(J6-K6>0.1,"انحراف حرج","انحراف"))) -> لم يُقس بعد
A7: KPI-06 | B7: نسبة الطلبة بمستوى متقن فأعلى في سلم المهارات | C7: الثانية | D7: المعلم المقيِّم | E7: فصلي | G7: =IF(F7="","",F7+0.15) | I7: =IF(G7="","—",IF(H7="","لم يُقس بعد",IF(H7>=G7,"محقق",IF(G7-H7>0.1,"انحراف حرج","انحراف")))) -> — | J7: 0.75 | L7: =IF(K7="","لم يُقس بعد",IF(K7>=J7,"محقق",IF(J7-K7>0.1,"انحراف حرج","انحراف"))) -> لم يُقس بعد | M7: مستهدف الفصل الأول = خط الأساس + 15 نقطة
A8: KPI-07 | B8: نسبة المراحل المنفذة للمشروع الرئيس | C8: الثانية | D8: منسق المدرسة | E8: نصف سنوي | I8: =IF(G8="","—",IF(H8="","لم يُقس بعد",IF(H8>=G8,"محقق",IF(G8-H8>0.1,"انحراف حرج","انحراف")))) -> — | J8: 0.9 | L8: =IF(K8="","لم يُقس بعد",IF(K8>=J8,"محقق",IF(J8-K8>0.1,"انحراف حرج","انحراف"))) -> لم يُقس بعد | M8: يُقاس نهاية العام فقط
A9: KPI-08 | B9: نسبة اكتمال توثيق المشروعات الرئيسة | C9: الثانية | D9: منسق المدرسة | E9: نصف سنوي | I9: =IF(G9="","—",IF(H9="","لم يُقس بعد",IF(H9>=G9,"محقق",IF(G9-H9>0.1,"انحراف حرج","انحراف")))) -> — | J9: 1 | L9: =IF(K9="","لم يُقس بعد",IF(K9>=J9,"محقق",IF(J9-K9>0.1,"انحراف حرج","انحراف"))) -> لم يُقس بعد | M9: يُقاس نهاية العام فقط
A10: KPI-09 | B10: نسبة الطلبة في أدوار جماعية موثقة | C10: الثانية | D10: الأنشطة الطلابية | E10: فصلي | G10: 0.3 | I10: =IF(G10="","—",IF(H10="","لم يُقس بعد",IF(H10>=G10,"محقق",IF(G10-H10>0.1,"انحراف حرج","انحراف")))) -> لم يُقس بعد | J10: 0.5 | L10: =IF(K10="","لم يُقس بعد",IF(K10>=J10,"محقق",IF(J10-K10>0.1,"انحراف حرج","انحراف"))) -> لم يُقس بعد
A11: KPI-10 | B11: نسبة الطلبة في مبادرات خدمة المجتمع | C11: الثانية | D11: الأنشطة الطلابية | E11: فصلي | G11: 0.15 | I11: =IF(G11="","—",IF(H11="","لم يُقس بعد",IF(H11>=G11,"محقق",IF(G11-H11>0.1,"انحراف حرج","انحراف")))) -> لم يُقس بعد | J11: 0.3 | L11: =IF(K11="","لم يُقس بعد",IF(K11>=J11,"محقق",IF(J11-K11>0.1,"انحراف حرج","انحراف"))) -> لم يُقس بعد
A12: KPI-11 | B12: نسبة الطلبة بخرائط قدرات وميول محدثة | C12: الثانية | D12: التوجيه والإرشاد | E12: نصف سنوي | G12: 0.7 | I12: =IF(G12="","—",IF(H12="","لم يُقس بعد",IF(H12>=G12,"محقق",IF(G12-H12>0.1,"انحراف حرج","انحراف")))) -> لم يُقس بعد | J12: 0.9 | L12: =IF(K12="","لم يُقس بعد",IF(K12>=J12,"محقق",IF(J12-K12>0.1,"انحراف حرج","انحراف"))) -> لم يُقس بعد
A13: KPI-12 | B13: نسبة طلبة التاسع الذين أعدوا خطة انتقال | C13: الثانية | D13: التوجيه والإرشاد | E13: سنوي | I13: =IF(G13="","—",IF(H13="","لم يُقس بعد",IF(H13>=G13,"محقق",IF(G13-H13>0.1,"انحراف حرج","انحراف")))) -> — | J13: 0.9 | L13: =IF(K13="","لم يُقس بعد",IF(K13>=J13,"محقق",IF(J13-K13>0.1,"انحراف حرج","انحراف"))) -> لم يُقس بعد | M13: يُقاس نهاية العام فقط
A14: KPI-13 | B14: نسبة طلبة الثانوية المستفيدين من الاستكشاف المهني | C14: الثانية | D14: التوجيه والإرشاد | E14: فصلي | G14: 0.7 | I14: =IF(G14="","—",IF(H14="","لم يُقس بعد",IF(H14>=G14,"محقق",IF(G14-H14>0.1,"انحراف حرج","انحراف")))) -> لم يُقس بعد | J14: 0.9 | L14: =IF(K14="","لم يُقس بعد",IF(K14>=J14,"محقق",IF(J14-K14>0.1,"انحراف حرج","انحراف"))) -> لم يُقس بعد
A15: KPI-14 | B15: نسبة اكتمال ملفات جاهزية الثاني عشر | C15: الثانية | D15: الإرشاد + الثانوية | E15: سنوي | G15: 0.7 | I15: =IF(G15="","—",IF(H15="","لم يُقس بعد",IF(H15>=G15,"محقق",IF(G15-H15>0.1,"انحراف حرج","انحراف")))) -> لم يُقس بعد | J15: 0.9 | L15: =IF(K15="","لم يُقس بعد",IF(K15>=J15,"محقق",IF(J15-K15>0.1,"انحراف حرج","انحراف"))) -> لم يُقس بعد
A16: KPI-15 | B16: نسبة الطلبة المتقنين للأدوات الرقمية | C16: الثانية | D16: قسم الحاسوب | E16: فصلي | G16: 0.55 | I16: =IF(G16="","—",IF(H16="","لم يُقس بعد",IF(H16>=G16,"محقق",IF(G16-H16>0.1,"انحراف حرج","انحراف")))) -> لم يُقس بعد | J16: 0.8 | L16: =IF(K16="","لم يُقس بعد",IF(K16>=J16,"محقق",IF(J16-K16>0.1,"انحراف حرج","انحراف"))) -> لم يُقس بعد
A17: KPI-16 | B17: نسبة المدارس المطبقة لسياسة الذكاء الاصطناعي | C17: الثانية | D17: منسق المدرسة | E17: نصف سنوي | G17: 1 | I17: =IF(G17="","—",IF(H17="","لم يُقس بعد",IF(H17>=G17,"محقق",IF(G17-H17>0.1,"انحراف حرج","انحراف")))) -> لم يُقس بعد | J17: 1 | L17: =IF(K17="","لم يُقس بعد",IF(K17>=J17,"محقق",IF(J17-K17>0.1,"انحراف حرج","انحراف"))) -> لم يُقس بعد
A18: KPI-17 | B18: نسبة الأعمال الرقمية المستوفية لمعايير التوثيق | C18: الثانية | D18: قسم الحاسوب | E18: فصلي | G18: 0.7 | I18: =IF(G18="","—",IF(H18="","لم يُقس بعد",IF(H18>=G18,"محقق",IF(G18-H18>0.1,"انحراف حرج","انحراف")))) -> لم يُقس بعد | J18: 0.9 | L18: =IF(K18="","لم يُقس بعد",IF(K18>=J18,"محقق",IF(J18-K18>0.1,"انحراف حرج","انحراف"))) -> لم يُقس بعد
A19: KPI-18 | B19: نسبة الطلبة بأدلة أداء متقنة في المهارات الحياتية | C19: الثانية | D19: المعلم المقيِّم | E19: فصلي | G19: 0.55 | I19: =IF(G19="","—",IF(H19="","لم يُقس بعد",IF(H19>=G19,"محقق",IF(G19-H19>0.1,"انحراف حرج","انحراف")))) -> لم يُقس بعد | J19: 0.8 | L19: =IF(K19="","لم يُقس بعد",IF(K19>=J19,"محقق",IF(J19-K19>0.1,"انحراف حرج","انحراف"))) -> لم يُقس بعد
A20: KPI-19 | B20: نسبة اكتمال المهام الحياتية للمرحلة المتوسطة | C20: الثانية | D20: رئيسا القسمين | E20: فصلي | G20: 0.65 | I20: =IF(G20="","—",IF(H20="","لم يُقس بعد",IF(H20>=G20,"محقق",IF(G20-H20>0.1,"انحراف حرج","انحراف")))) -> لم يُقس بعد | J20: 0.9 | L20: =IF(K20="","لم يُقس بعد",IF(K20>=J20,"محقق",IF(J20-K20>0.1,"انحراف حرج","انحراف"))) -> لم يُقس بعد
A21: KPI-20 | B21: نسبة الالتزام بإجراءات الصحة والسلامة | C21: الثانية | D21: مشرف السلامة | E21: شهري | G21: 0.95 | I21: =IF(G21="","—",IF(H21="","لم يُقس بعد",IF(H21>=G21,"محقق",IF(G21-H21>0.1,"انحراف حرج","انحراف")))) -> لم يُقس بعد | J21: 0.95 | L21: =IF(K21="","لم يُقس بعد",IF(K21>=J21,"محقق",IF(J21-K21>0.1,"انحراف حرج","انحراف"))) -> لم يُقس بعد
A22: KPI-21 | B22: نسبة المعلمين المتمين للحقيبة التدريبية | C22: الثالثة | D22: قسم التدريب | E22: فصلي | G22: 0.9 | I22: =IF(G22="","—",IF(H22="","لم يُقس بعد",IF(H22>=G22,"محقق",IF(G22-H22>0.1,"انحراف حرج","انحراف")))) -> لم يُقس بعد | J22: 0.9 | L22: =IF(K22="","لم يُقس بعد",IF(K22>=J22,"محقق",IF(J22-K22>0.1,"انحراف حرج","انحراف"))) -> لم يُقس بعد
A23: KPI-22 | B23: نسبة المعلمين المطبقين فعلياً بعد التدريب | C23: الثالثة | D23: مدير المدرسة | E23: فصلي | G23: 0.5 | I23: =IF(G23="","—",IF(H23="","لم يُقس بعد",IF(H23>=G23,"محقق",IF(G23-H23>0.1,"انحراف حرج","انحراف")))) -> لم يُقس بعد | J23: 0.8 | L23: =IF(K23="","لم يُقس بعد",IF(K23>=J23,"محقق",IF(J23-K23>0.1,"انحراف حرج","انحراف"))) -> لم يُقس بعد
A24: KPI-23 | B24: نسبة الأسر المشاركة في أنشطة المشروع | C24: الخامسة | D24: العلاقات مع الأسر | E24: فصلي | G24: 0.4 | I24: =IF(G24="","—",IF(H24="","لم يُقس بعد",IF(H24>=G24,"محقق",IF(G24-H24>0.1,"انحراف حرج","انحراف")))) -> لم يُقس بعد | J24: 0.6 | L24: =IF(K24="","لم يُقس بعد",IF(K24>=J24,"محقق",IF(J24-K24>0.1,"انحراف حرج","انحراف"))) -> لم يُقس بعد
A25: KPI-24 | B25: نسبة الأسر المطلعة على ملف تقدم الطالب | C25: الخامسة | D25: العلاقات مع الأسر | E25: فصلي | G25: 0.5 | I25: =IF(G25="","—",IF(H25="","لم يُقس بعد",IF(H25>=G25,"محقق",IF(G25-H25>0.1,"انحراف حرج","انحراف")))) -> لم يُقس بعد | J25: 0.8 | L25: =IF(K25="","لم يُقس بعد",IF(K25>=J25,"محقق",IF(J25-K25>0.1,"انحراف حرج","انحراف"))) -> لم يُقس بعد
... A27: KPI-26 | B27: عدد الأنشطة مع الشركاء لكل مدرسة | C27: السادسة | D27: إدارة الشراكات | E27: فصلي | G27: 1 | I27: =IF(G27="","—",IF(H27="","لم يُقس بعد",IF(H27>=G27,"محقق",IF(G27-H27>0.1,"انحراف حرج","انحراف")))) -> لم يُقس بعد | J27: 2 | L27: =IF(K27="","لم يُقس بعد",IF(K27>=J27,"محقق",IF(J27-K27>0.1,"انحراف حرج","انحراف"))) -> لم يُقس بعد

Sheet التبعيات الحرجة
A1: م | B1: المهمة | C1: المالك | D1: الموعد النهائي | E1: الحالة | F1: ملاحظات
A2: 1 | B2: سلم المهارات الموحد | C2: التوجيه الفني | D2: قبل بدء العام | E2: منجز | F2: أُعدّ ضمن حزمة التبعيات — بانتظار اعتماد اللجنة
A3: 2 | B3: سلم تقدير المشروعات (روبرك) | C3: التوجيه الفني | D3: قبل بدء العام | E3: منجز | F3: أُعدّ ضمن حزمة التبعيات — بانتظار اعتماد اللجنة
A4: 3 | B4: مصفوفة الأدوات الرقمية | C4: قسم الحاسوب | D4: قبل بدء العام | E4: منجز | F4: أُعدّ ضمن حزمة التبعيات — بانتظار اعتماد اللجنة
A5: 4 | B5: سياسة الذكاء الاصطناعي | C5: تكنولوجيا المعلومات | D5: قبل بدء العام | E5: منجز | F5: أُعدّ ضمن حزمة التبعيات — بانتظار اعتماد اللجنة
A6: 5 | B6: الدليل الإجرائي الموحد للقياس والتوثيق | C6: المنسق المركزي | D6: قبل بدء العام | E6: منجز | F6: أُعدّ ضمن حزمة التبعيات — بانتظار اعتماد اللجنة
A7: 6 | B7: كراسة شروط التعاقد على النواة الجاهزة | C7: تكنولوجيا المعلومات | D7: فور اعتماد اللجنة | E7: لم يبدأ | F7: البرومبت جاهز في ملف المهام العالقة
A8: 7 | B8: مواصفات لوحة المؤشرات الداخلية | C8: تكنولوجيا المعلومات | D8: خلال الفصل الأول | E8: لم يبدأ | F8: البرومبت جاهز في ملف المهام العالقة
A9: 8 | B9: نموذج خطة معالجة الانحراف | C9: المنسق المركزي | D9: قبل نهاية الأسبوع السادس | E9: منجز | F9: ضمن حزمة التبعيات — الفصل السادس

Sheet المخاطر
A1: الرمز | B1: الخطر | C1: الدرجة | D1: الاستجابة | E1: المالك | F1: الحالة | G1: آخر مراجعة
A2: R1 | B2: تأخر تدريب المعلمين | C2: عالية | D2: دفعة أولى قبل بدء العام ودفعات متلاحقة في الأسابيع الستة الأولى | E2: قسم التدريب | F2: مفتوح
A3: R2 | B3: اعتماد المتابعة كلها على فرد واحد | C3: عالية | D3: نائب معتمد من اليوم الأول + توثيق الإجراءات + أتمتة قصوى | E3: لجنة القيادة | F3: مفتوح
A4: R3 | B4: تأخر جاهزية المنصة عن بدء العام | C4: عالية | D4: حل هجين بمرحلة أولى مصغرة + نماذج رقمية مؤقتة كخطة بديلة | E4: تكنولوجيا المعلومات | F4: مفتوح
A5: R4 | B5: إجهاد المعلمين من عبء التوثيق | C5: عالية | D5: إدخال في 3 دقائق + دمج التوثيق في سير العمل التعليمي | E5: المنسق المركزي | F5: مفتوح
A6: R5 | B6: تفاوت أحكام المقيّمين | C6: متوسطة | D6: معايرة قبل كل فصل + تدقيق عينات 5% | E6: التوجيه الفني | F6: مفتوح
A7: R6 | B7: كشف خطوط الأساس فجوة كبيرة عن المستهدفات | C7: متوسطة | D7: مراجعة المستهدفات المرحلية بقرار موثق من اللجنة | E7: لجنة القيادة | F7: مفتوح
A8: R7 | B8: ضعف تجاوب الأسر | C8: متوسطة | D8: بوابة بسيطة بإشعارات + الربط باللقاءات الدورية القائمة | E8: العلاقات مع الأسر | F8: مفتوح
A9: R8 | B9: تعثر الشراكات أو بقاؤها بلا أنشطة | C9: متوسطة | D9: مخاطبات مبكرة + تنسيق مركزي + اشتراط نشاط منفذ | E9: إدارة الشراكات | F9: مفتوح
