Workbook

Sheet لوحة المتابعة
A1: لوحة متابعة الخطة التشغيلية 2026-2027 — مشروع مدارس النجاة ثنائية القدرات والمهارات
A3: الأنشطة (22 نشاطاً) | B3: منجز | C3: جارٍ | D3: لم يبدأ | E3: متأخر
B4: =COUNTIF(الأنشطة!$G$2:$G$31,"منجز") -> 0 | C4: =COUNTIF(الأنشطة!$G$2:$G$31,"جارٍ") -> 1 | D4: =COUNTIF(الأنشطة!$G$2:$G$31,"لم يبدأ") -> 21 | E4: =COUNTIF(الأنشطة!$G$2:$G$31,"متأخر") -> 0
A6: المؤشرات — حالة الفصل الأول | B6: محقق | C6: انحراف | D6: انحراف حرج | E6: لم يُقس بعد
B7: =COUNTIF(المؤشرات!$I$2:$I$23,"محقق") -> 0 | C7: =COUNTIF(المؤشرات!$I$2:$I$23,"انحراف") -> 0 | D7: =COUNTIF(المؤشرات!$I$2:$I$23,"انحراف حرج") -> 0 | E7: =COUNTIF(المؤشرات!$I$2:$I$23,"لم يُقس بعد") -> 15
A9: المؤشرات — الحالة النهائية | B9: محقق | C9: انحراف | D9: انحراف حرج | E9: لم يُقس بعد
B10: =COUNTIF(المؤشرات!$L$2:$L$23,"محقق") -> 0 | C10: =COUNTIF(المؤشرات!$L$2:$L$23,"انحراف") -> 0 | D10: =COUNTIF(المؤشرات!$L$2:$L$23,"انحراف حرج") -> 0 | E10: =COUNTIF(المؤشرات!$L$2:$L$23,"لم يُقس بعد") -> 22
A12: دليل الاستخدام: الخلايا الصفراء هي خلايا الإدخال (خط الأساس، القيم الفعلية، الحالات)؛ الحالات تُختار من قوائم منسدلة؛ وكل ما عداها يُحتسب آلياً. الأرقام في هذه اللوحة تتحدث تلقائياً من الأوراق الأخرى.

Sheet الأنشطة
A1: م | B1: النشاط | C1: المحور | D1: يخدم | E1: المسؤول | F1: التوقيت | G1: الحالة | H1: ملاحظات
A2: 1 | B2: تقارير شهرية عن الإنماء المهني وعدد الساعات موثقة بالصور والفيديوهات | C2: الفصل الأول | D2: المعلمين | E2: قسم التدريب -متابعة إدارة الأنشطة التربوية | F2: بداية من سبتمبر وحتي نهاية الفصل الدراسي | G2: جارٍ | H2: مثال: حدّث الحالة من القائمة المنسدلة
A3: 2 | B3: تقارير شهرية عن الحلقات الصباحية ودليل الإنجاز | C3: الفصل الأول | D3: الطلاب | E3: المشرف الفني-متابعة إدارة الأنشطة التربوية | F3: بداية من 16سبتمبر وحتي نهاية الفصل الدراسي | G3: لم يبدأ
A4: 3 | B4: تقارير شهرية عن التقوية المسائية | C4: الفصل الأول | D4: الطلاب | E4: مشرف النشاط-متابعة إدارة الأنشطة التربوية | F4: بداية من 16سبتمبر وحتي نهاية الفصل الدراسي | G4: لم يبدأ
A5: 4 | B5: تقارير شهرية عن الإندية المسائية | C5: الفصل الأول | D5: الطلاب | E5: مشرف النشاط-متابعة إدارة الأنشطة التربوية | F5: بداية من 16سبتمبر وحتي نهاية الفصل الدراسي | G5: لم يبدأ
A6: 5 | B6: تقارير شهرية عن أنشطة القيادة والفرق المدرسية الطلابية | C6: الفصل الأول | D6: الطلاب | E6: مشرف النشاط -الإدارة المدرسية | F6: بداية من 16سبتمبر وحتي نهاية الفصل الدراسي | G6: لم يبدأ
A7: 6 | B7: تقارير شهرية عن العمل التطوعي داخليا وخارجيا | C7: الفصل الأول | D7: الطلاب | E7: المشرف التربوي -الإدارة المدرسية | F7: بداية من 16سبتمبر وحتي نهاية الفصل الدراسي | G7: لم يبدأ
A8: 7 | B8: تقارير شهرية عن برامج الموهوبين | C8: الفصل الأول | D8: الطلاب | E8: المشرف التربوي -الإدارة المدرسية | F8: بداية من 16سبتمبر وحتي نهاية الفصل الدراسي | G8: لم يبدأ
A9: 8 | B9: تقارير شهرية عن برامج قيم ومهارات الحياة | C9: الفصل الأول | D9: الطلاب | E9: المشرف التربوي -الإدارة المدرسية | F9: بداية من 16سبتمبر وحتي نهاية الفصل الدراسي | G9: لم يبدأ
A10: 9 | B10: تقارير شهرية عن برامج ومشاريع الإنضباط المدرسي | C10: الفصل الأول | D10: الطلاب | E10: المشرف التربوي -الإدارة المدرسية | F10: بداية من 16سبتمبر وحتي نهاية الفصل الدراسي | G10: لم يبدأ
A11: 10 | B11: تقارير شهرية عن برامج نشر ثقافة الحوكمة | C11: الفصل الأول | D11: الطلاب - معلمين | E11: المشرف التربوي -الإدارة المدرسية | F11: بداية من 16سبتمبر وحتي نهاية الفصل الدراسي | G11: لم يبدأ
A12: 11 | B12: تقارير شهرية عن برامج اكتشاف القيادات (طلاب - معلمين - اداريين) | C12: الفصل الأول | D12: طلاب - معلمين - اداريين | E12: المشرف التربوي -الإدارة المدرسية | F12: بداية من 16سبتمبر وحتي نهاية الفصل الدراسي | G12: لم يبدأ
A13: 12 | B13: تقارير شهرية عن برامج اللقاءات والمحاضرات والندوات للتواصل مع الطلاب وضبط المفاهيم | C13: الفصل الأول | D13: الطلاب | E13: المشرف التربوي -الإدارة المدرسية | F13: بداية من 16سبتمبر وحتي نهاية الفصل الدراسي | G13: لم يبدأ
A14: 13 | B14: تقارير شهرية عن برامج التواصل مع مجلس الأباء وتنقيذهم لمشاريع خدمية طلابية | C14: الفصل الأول | D14: الطلاب | E14: مكتب الخدمة الإجتماعية -الإدارة المدرسية | F14: بداية من 16سبتمبر وحتي نهاية الفصل الدراسي | G14: لم يبدأ
... A16: 15 | B16: تفعيل لوحة المؤشرات والتنبيهات | C16: الفصل الأول | D16: الكل | E16: المشرف التربوي -الإدارة المدرسية | F16: بداية من اكتوبر وحتي نهاية الفصل الدراسي | G16: لم يبدأ
A17: 16 | B17: التقييم البعدي الأول لسلم المهارات | C17: الفصل الأول | D17: الطلاب | E17: مكتب الخدمة الإجتماعية -الإدارة المدرسية | F17: 46357 | G17: لم يبدأ
A18: 17 | B18: جلسات إرشاد لجميع طلبة الصف الخامس | C18: الفصل الثاني | D18: الطلاب | E18: مكتب الخدمة الإجتماعية -الإدارة المدرسية | F18: ابريل - مايو 2027 | G18: لم يبدأ
A19: 18 | B19: جلسات إرشاد لجميع طلبة الصف التاسع | C19: الفصل الثاني | D19: الطلاب | E19: مكتب الخدمة الإجتماعية -الإدارة المدرسية | F19: ابريل - مايو 2028 | G19: لم يبدأ
A20: 19 | B20: جلسات إرشاد لجميع طلبة الصف الثاني عشر | C20: الفصل الثاني | D20: الطلاب | E20: مكتب الخدمة الإجتماعية -الإدارة المدرسية | F20: ابريل - مايو 2029 | G20: لم يبدأ
A21: 20 | B21: مشروع النجاة للابتكار والخدمة للصف الثاني عشر (تنفيذ وعرض ختامي) | C21: الفصل الثاني | D21: الطلاب | E21: مكتب الخدمة الإجتماعية -الإدارة المدرسية | F21: ابريل - مايو 2030 | G21: لم يبدأ
A22: 21 | B22: معارض المشروعات وفعاليات مشاركة الأسر (فعالية لكل مدرسة) | C22: الفصل الثاني | D22: المتابعة المركزية | E22: المشرف التربوي -الإدارة المدرسية | F22: مايو2026 | G22: لم يبدأ
A23: 22 | B23: القياس البعدي الختامي والتقرير السنوي وورشة الدروس المستفادة ومدخلات خطة 2027-2028 | C23: الفصل الثاني | D23: المتابعة المركزية | E23: المشرف التربوي -الإدارة المدرسية | F23: مايو2027 | G23: لم يبدأ
A24: 23
A25: 24
A26: 25
A27: 26
A28: 27
A29: 28
A30: 29
A31: 30

Sheet المؤشرات
A1: الرمز | B1: المؤشر | C1: م النشاط | D1: المسؤول | E1: الدورية | F1: خط الأساس | G1: مستهدف الفصل الأول | H1: فعلي الفصل الأول | I1: حالة الفصل الأول | J1: مستهدف نهاية العام | K1: فعلي نهاية العام | L1: الحالة النهائية | M1: ملاحظات
A2: KPI-01 | B2: نسبة تقارير الإنماء المهني الشهرية المرفوعة في موعدها موثقة بالصور والفيديوهات | C2: 1 | D2: قسم التدريب | E2: شهري | G2: 1 | I2: =IF(G2="","—",IF(H2="","لم يُقس بعد",IF(H2>=G2,"محقق",IF(G2-H2>0.1,"انحراف حرج","انحراف")))) -> لم يُقس بعد | J2: 1 | L2: =IF(K2="","لم يُقس بعد",IF(K2>=J2,"محقق",IF(J2-K2>0.1,"انحراف حرج","انحراف"))) -> لم يُقس بعد | M2: من إجمالي التقارير المستحقة — يرتبط بهدف الخطة 3.2 (إتمام التدريب ≥90%)
A3: KPI-02 | B3: نسبة التقارير الشهرية المرفوعة عن الحلقات الصباحية مع دليل الإنجاز | C3: 2 | D3: المشرف الفني | E3: شهري | G3: 1 | I3: =IF(G3="","—",IF(H3="","لم يُقس بعد",IF(H3>=G3,"محقق",IF(G3-H3>0.1,"انحراف حرج","انحراف")))) -> لم يُقس بعد | J3: 1 | L3: =IF(K3="","لم يُقس بعد",IF(K3>=J3,"محقق",IF(J3-K3>0.1,"انحراف حرج","انحراف"))) -> لم يُقس بعد | M3: من إجمالي التقارير المستحقة منذ 16 سبتمبر
A4: KPI-03 | B4: نسبة التقارير الشهرية المرفوعة في موعدها عن التقوية المسائية | C4: 3 | D4: مشرف النشاط | E4: شهري | G4: 1 | I4: =IF(G4="","—",IF(H4="","لم يُقس بعد",IF(H4>=G4,"محقق",IF(G4-H4>0.1,"انحراف حرج","انحراف")))) -> لم يُقس بعد | J4: 1 | L4: =IF(K4="","لم يُقس بعد",IF(K4>=J4,"محقق",IF(J4-K4>0.1,"انحراف حرج","انحراف"))) -> لم يُقس بعد
A5: KPI-04 | B5: نسبة التقارير الشهرية المرفوعة في موعدها عن الأندية المسائية | C5: 4 | D5: مشرف النشاط | E5: شهري | G5: 1 | I5: =IF(G5="","—",IF(H5="","لم يُقس بعد",IF(H5>=G5,"محقق",IF(G5-H5>0.1,"انحراف حرج","انحراف")))) -> لم يُقس بعد | J5: 1 | L5: =IF(K5="","لم يُقس بعد",IF(K5>=J5,"محقق",IF(J5-K5>0.1,"انحراف حرج","انحراف"))) -> لم يُقس بعد | M5: يرتبط بهدف الخطة 7.2 (نادٍ مسائي واحد على الأقل)
A6: KPI-05 | B6: نسبة الطلبة المشاركين في أدوار قيادية وفرق مدرسية طلابية موثقة | C6: 5 | D6: مشرف النشاط | E6: فصلي | G6: 0.3 | I6: =IF(G6="","—",IF(H6="","لم يُقس بعد",IF(H6>=G6,"محقق",IF(G6-H6>0.1,"انحراف حرج","انحراف")))) -> لم يُقس بعد | J6: 0.5 | L6: =IF(K6="","لم يُقس بعد",IF(K6>=J6,"محقق",IF(J6-K6>0.1,"انحراف حرج","انحراف"))) -> لم يُقس بعد | M6: مستهدف الخطة 2.2: ≥50% نهاية العام و3 فرق طلابية على الأقل
A7: KPI-06 | B7: نسبة الطلبة المشاركين في العمل التطوعي داخلياً وخارجياً | C7: 6 | D7: المشرف التربوي | E7: فصلي | G7: 0.15 | I7: =IF(G7="","—",IF(H7="","لم يُقس بعد",IF(H7>=G7,"محقق",IF(G7-H7>0.1,"انحراف حرج","انحراف")))) -> لم يُقس بعد | J7: 0.3 | L7: =IF(K7="","لم يُقس بعد",IF(K7>=J7,"محقق",IF(J7-K7>0.1,"انحراف حرج","انحراف"))) -> لم يُقس بعد | M7: مستهدف الخطة 2.4: ≥30% و50 مستفيداً مجتمعياً على الأقل
A8: KPI-07 | B8: نسبة الطلبة الموهوبين المستفيدين من برنامجين على الأقل | C8: 7 | D8: المشرف التربوي | E8: فصلي | G8: 0.6 | I8: =IF(G8="","—",IF(H8="","لم يُقس بعد",IF(H8>=G8,"محقق",IF(G8-H8>0.1,"انحراف حرج","انحراف")))) -> لم يُقس بعد | J8: 0.95 | L8: =IF(K8="","لم يُقس بعد",IF(K8>=J8,"محقق",IF(J8-K8>0.1,"انحراف حرج","انحراف"))) -> لم يُقس بعد | M8: مستهدف الخطة 2.3: ≥95%
A9: KPI-08 | B9: نسبة الطلبة بأدلة أداء متقنة في برامج القيم ومهارات الحياة | C9: 8 | D9: المشرف التربوي | E9: فصلي | G9: 0.55 | I9: =IF(G9="","—",IF(H9="","لم يُقس بعد",IF(H9>=G9,"محقق",IF(G9-H9>0.1,"انحراف حرج","انحراف")))) -> لم يُقس بعد | J9: 0.8 | L9: =IF(K9="","لم يُقس بعد",IF(K9>=J9,"محقق",IF(J9-K9>0.1,"انحراف حرج","انحراف"))) -> لم يُقس بعد | M9: مستهدف الخطة 2.5: ≥80% و5 مشروعات قيم ومهارات حياة
A10: KPI-09 | B10: نسبة تنفيذ برامج ومشروعات الانضباط المدرسي المخططة | C10: 9 | D10: المشرف التربوي | E10: فصلي | G10: 0.5 | I10: =IF(G10="","—",IF(H10="","لم يُقس بعد",IF(H10>=G10,"محقق",IF(G10-H10>0.1,"انحراف حرج","انحراف")))) -> لم يُقس بعد | J10: 1 | L10: =IF(K10="","لم يُقس بعد",IF(K10>=J10,"محقق",IF(J10-K10>0.1,"انحراف حرج","انحراف"))) -> لم يُقس بعد | M10: الخطة 2.5: ثمانية مشروعات انضباط وانخفاض المخالفات 40%
A11: KPI-10 | B11: نسبة تنفيذ برامج نشر ثقافة الحوكمة وآلياتها المخططة | C11: 10 | D11: المشرف التربوي | E11: نصف سنوي | G11: 0.5 | I11: =IF(G11="","—",IF(H11="","لم يُقس بعد",IF(H11>=G11,"محقق",IF(G11-H11>0.1,"انحراف حرج","انحراف")))) -> لم يُقس بعد | J11: 1 | L11: =IF(K11="","لم يُقس بعد",IF(K11>=J11,"محقق",IF(J11-K11>0.1,"انحراف حرج","انحراف"))) -> لم يُقس بعد | M11: الخطة 4.3: برنامج حوكمة سنوياً وتطبيق 3 آليات على الأقل
A12: KPI-11 | B12: نسبة المرشحين الملتحقين ببرامج اكتشاف القيادات (طلاب - معلمون - إداريون) | C12: 11 | D12: المشرف التربوي | E12: فصلي | G12: 0.1 | I12: =IF(G12="","—",IF(H12="","لم يُقس بعد",IF(H12>=G12,"محقق",IF(G12-H12>0.1,"انحراف حرج","انحراف")))) -> لم يُقس بعد | J12: 0.2 | L12: =IF(K12="","لم يُقس بعد",IF(K12>=J12,"محقق",IF(J12-K12>0.1,"انحراف حرج","انحراف"))) -> لم يُقس بعد | M12: الخطة 4.1: معلمون مؤهلون للقيادة ≥20% سنوياً
A13: KPI-12 | B13: نسبة تنفيذ اللقاءات والمحاضرات والندوات المخطط لها لضبط المفاهيم | C13: 12 | D13: المشرف التربوي | E13: شهري | G13: 0.9 | I13: =IF(G13="","—",IF(H13="","لم يُقس بعد",IF(H13>=G13,"محقق",IF(G13-H13>0.1,"انحراف حرج","انحراف")))) -> لم يُقس بعد | J13: 0.9 | L13: =IF(K13="","لم يُقس بعد",IF(K13>=J13,"محقق",IF(J13-K13>0.1,"انحراف حرج","انحراف"))) -> لم يُقس بعد | M13: يرتبط بهدف الخطة 5.1 (قنوات تواصل فعالة)
A14: KPI-13 | B14: نسبة تنفيذ المشاريع الخدمية الطلابية التي يقودها مجلس الآباء | C14: 13 | D14: مكتب الخدمة الاجتماعية | E14: فصلي | G14: 0.5 | I14: =IF(G14="","—",IF(H14="","لم يُقس بعد",IF(H14>=G14,"محقق",IF(G14-H14>0.1,"انحراف حرج","انحراف")))) -> لم يُقس بعد | J14: 1 | L14: =IF(K14="","لم يُقس بعد",IF(K14>=J14,"محقق",IF(J14-K14>0.1,"انحراف حرج","انحراف"))) -> لم يُقس بعد | M14: الخطة 5.3: مشروع واحد على الأقل يقوده المجلس ومشاركة أعضاء ≥70%
A15: KPI-14 | B15: نسبة المعلمين المشاركين في الفرق المدرسية (التغيير - التدريب - التدخل السريع) | C15: 14 | D15: مكتب الخدمة الاجتماعية | E15: فصلي | G15: 0.6 | I15: =IF(G15="","—",IF(H15="","لم يُقس بعد",IF(H15>=G15,"محقق",IF(G15-H15>0.1,"انحراف حرج","انحراف")))) -> لم يُقس بعد | J15: 0.9 | L15: =IF(K15="","لم يُقس بعد",IF(K15>=J15,"محقق",IF(J15-K15>0.1,"انحراف حرج","انحراف"))) -> لم يُقس بعد | M15: الخطة 3.1: مشاركة المعلمين في الفرق ≥90%
A16: KPI-15 | B16: نسبة التحديث الشهري للوحة المؤشرات والتنبيهات منذ تفعيلها | C16: 15 | D16: المشرف التربوي | E16: شهري | G16: 1 | I16: =IF(G16="","—",IF(H16="","لم يُقس بعد",IF(H16>=G16,"محقق",IF(G16-H16>0.1,"انحراف حرج","انحراف")))) -> لم يُقس بعد | J16: 1 | L16: =IF(K16="","لم يُقس بعد",IF(K16>=J16,"محقق",IF(J16-K16>0.1,"انحراف حرج","انحراف"))) -> لم يُقس بعد | M16: التفعيل بداية من أكتوبر
A17: KPI-16 | B17: نسبة الطلبة عند مستوى متقن فأعلى في سلم المهارات (التقييم البعدي الأول) | C17: 16 | D17: مكتب الخدمة الاجتماعية | E17: نصف سنوي | G17: =IF(F17="","",F17+0.15) | I17: =IF(G17="","—",IF(H17="","لم يُقس بعد",IF(H17>=G17,"محقق",IF(G17-H17>0.1,"انحراف حرج","انحراف")))) -> — | J17: 0.75 | L17: =IF(K17="","لم يُقس بعد",IF(K17>=J17,"محقق",IF(J17-K17>0.1,"انحراف حرج","انحراف"))) -> لم يُقس بعد | M17: مستهدف الفصل الأول = خط الأساس + 15 نقطة — الخطة 2.1: ≥75% نهاية العام
A18: KPI-17 | B18: نسبة طلبة الصف الخامس المستفيدين من جلسات الإرشاد وخطط الانتقال | C18: 17 | D18: مكتب الخدمة الاجتماعية | E18: سنوي | I18: =IF(G18="","—",IF(H18="","لم يُقس بعد",IF(H18>=G18,"محقق",IF(G18-H18>0.1,"انحراف حرج","انحراف")))) -> — | J18: 0.9 | L18: =IF(K18="","لم يُقس بعد",IF(K18>=J18,"محقق",IF(J18-K18>0.1,"انحراف حرج","انحراف"))) -> لم يُقس بعد | M18: يُقاس نهاية العام فقط (أبريل - مايو) — الخطة 2.3: ≥90%
A19: KPI-18 | B19: نسبة طلبة الصف التاسع المستفيدين من جلسات الإرشاد وخطط الانتقال | C19: 18 | D19: مكتب الخدمة الاجتماعية | E19: سنوي | I19: =IF(G19="","—",IF(H19="","لم يُقس بعد",IF(H19>=G19,"محقق",IF(G19-H19>0.1,"انحراف حرج","انحراف")))) -> — | J19: 0.9 | L19: =IF(K19="","لم يُقس بعد",IF(K19>=J19,"محقق",IF(J19-K19>0.1,"انحراف حرج","انحراف"))) -> لم يُقس بعد | M19: يُقاس نهاية العام فقط — الخطة 2.3: ≥90%
A20: KPI-19 | B20: نسبة طلبة الثاني عشر المستفيدين من جلسات الإرشاد واكتمال ملفات الجاهزية | C20: 19 | D20: مكتب الخدمة الاجتماعية | E20: سنوي | I20: =IF(G20="","—",IF(H20="","لم يُقس بعد",IF(H20>=G20,"محقق",IF(G20-H20>0.1,"انحراف حرج","انحراف")))) -> — | J20: 0.9 | L20: =IF(K20="","لم يُقس بعد",IF(K20>=J20,"محقق",IF(J20-K20>0.1,"انحراف حرج","انحراف"))) -> لم يُقس بعد | M20: يُقاس نهاية العام فقط — الخطة 2.3: ملفات جاهزية ≥90%
A21: KPI-20 | B21: نسبة تنفيذ مراحل مشروع النجاة للابتكار والخدمة للصف الثاني عشر | C21: 20 | D21: مكتب الخدمة الاجتماعية | E21: سنوي | I21: =IF(G21="","—",IF(H21="","لم يُقس بعد",IF(H21>=G21,"محقق",IF(G21-H21>0.1,"انحراف حرج","انحراف")))) -> — | J21: 1 | L21: =IF(K21="","لم يُقس بعد",IF(K21>=J21,"محقق",IF(J21-K21>0.1,"انحراف حرج","انحراف"))) -> لم يُقس بعد | M21: يُقاس نهاية العام (تنفيذ وعرض ختامي) — الخطة 1.6: تنفيذ المراحل 100% واكتمال التوثيق ≥90%
A22: KPI-21 | B22: نسبة المدارس المنفذة لمعرض مشروعات وفعالية مشاركة للأسر | C22: 21 | D22: المشرف التربوي | E22: سنوي | I22: =IF(G22="","—",IF(H22="","لم يُقس بعد",IF(H22>=G22,"محقق",IF(G22-H22>0.1,"انحراف حرج","انحراف")))) -> — | J22: 1 | L22: =IF(K22="","لم يُقس بعد",IF(K22>=J22,"محقق",IF(J22-K22>0.1,"انحراف حرج","انحراف"))) -> لم يُقس بعد | M22: فعالية لكل مدرسة (17 مدرسة) — الخطة 5.1: حضور أولياء الأمور ≥60%
A23: KPI-22 | B23: نسبة اكتمال القياس البعدي الختامي والتقرير السنوي وورشة الدروس المستفادة | C23: 22 | D23: المشرف التربوي | E23: سنوي | I23: =IF(G23="","—",IF(H23="","لم يُقس بعد",IF(H23>=G23,"محقق",IF(G23-H23>0.1,"انحراف حرج","انحراف")))) -> — | J23: 1 | L23: =IF(K23="","لم يُقس بعد",IF(K23>=J23,"محقق",IF(J23-K23>0.1,"انحراف حرج","انحراف"))) -> لم يُقس بعد | M23: تشمل مدخلات خطة 2027-2028
